cardname,hrryprice,hrrystock,hrryurl
Traitorous Instinct,10 JPY,9,https://www.hareruyamtg.com/en/products/detail/18619?lang=EN
Zealous Conscripts,150 JPY,8,https://www.hareruyamtg.com/en/products/detail/24627?lang=EN
Tragic Slip,10 JPY,1,https://www.hareruyamtg.com/en/products/detail/14353?lang=EN
Vendetta,30 JPY,11,https://www.hareruyamtg.com/en/products/detail/18805?lang=EN
"Traxos, Scourge of Kroog",80 JPY,63,https://www.hareruyamtg.com/en/products/detail/2551?lang=JP
Treasonous Ogre,"2,200 JPY",0,https://www.hareruyamtg.com/en/products/detail/41685?lang=JP
Vorrac Battlehorns,80 JPY,2,https://www.hareruyamtg.com/en/products/detail/41214?lang=EN
Worn Powerstone,50 JPY,3,https://www.hareruyamtg.com/en/products/detail/20312?lang=JP
Wall of Blood,180 JPY,3,https://www.hareruyamtg.com/en/products/detail/41571?lang=EN
Tainted Strike,120 JPY,7,https://www.hareruyamtg.com/en/products/detail/61048?lang=JP
Ruinous Minotaur,10 JPY,10,https://www.hareruyamtg.com/en/products/detail/59010?lang=JP
Rush of Vitality,10 JPY,20,https://www.hareruyamtg.com/en/products/detail/12352?lang=EN
Terminate,50 JPY,8,https://www.hareruyamtg.com/en/products/detail/81903?lang=EN
Temur Battle Rage,50 JPY,5,https://www.hareruyamtg.com/en/products/detail/81489?lang=EN
Silent Arbiter,300 JPY,3,https://www.hareruyamtg.com/en/products/detail/4782?lang=JP
Phyrexian Delver,"4,000 JPY",2,https://www.hareruyamtg.com/en/products/detail/50445?lang=JP
Rogue's Passage,20 JPY,12,https://www.hareruyamtg.com/en/products/detail/75488?lang=JP
Fling,20 JPY,49,https://www.hareruyamtg.com/en/products/detail/76065?lang=JP
Lupine Prototype,50 JPY,30,https://www.hareruyamtg.com/en/products/detail/18120?lang=EN
Loxodon Warhammer,50 JPY,9,https://www.hareruyamtg.com/en/products/detail/19718?lang=JP
Phyresis,80 JPY,9,https://www.hareruyamtg.com/en/products/detail/17829?lang=JP
"Homura, Human Ascendant",150 JPY,12,https://www.hareruyamtg.com/en/products/detail/53647?lang=EN
Fireshrieker,30 JPY,4,https://www.hareruyamtg.com/en/products/detail/41585?lang=EN
Lightning Skelemental,120 JPY,12,https://www.hareruyamtg.com/en/products/detail/73370?lang=EN
Fire Covenant,400 JPY,0,https://www.hareruyamtg.com/en/products/detail/9775?lang=EN
Empyrial Plate,50 JPY,6,https://www.hareruyamtg.com/en/products/detail/19629?lang=EN
Combat Celebrant,270 JPY,1,https://www.hareruyamtg.com/en/products/detail/15206?lang=JP
Butcher's Glee,10 JPY,9,https://www.hareruyamtg.com/en/products/detail/3725?lang=EN
Doom Whisperer,230 JPY,1,https://www.hareruyamtg.com/en/products/detail/7060?lang=EN
Dauthi Embrace,80 JPY,3,https://www.hareruyamtg.com/en/products/detail/53709?lang=JP
Chandra's Ignition,100 JPY,14,https://www.hareruyamtg.com/en/products/detail/48605?lang=JP
Canyon Slough,150 JPY,73,https://www.hareruyamtg.com/en/products/detail/15472?lang=JP
Captivating Crew,50 JPY,81,https://www.hareruyamtg.com/en/products/detail/58555?lang=EN
Burnished Hart,80 JPY,153,https://www.hareruyamtg.com/en/products/detail/62622?lang=JP
Bedevil,180 JPY,22,https://www.hareruyamtg.com/en/products/detail/58846?lang=JP
Blistering Barrier,30 JPY,2,https://www.hareruyamtg.com/en/products/detail/18186?lang=EN
Ball Lightning,130 JPY,3,https://www.hareruyamtg.com/en/products/detail/5888?lang=EN
Basilisk Collar,400 JPY,4,https://www.hareruyamtg.com/en/products/detail/18721?lang=JP
Arc Runner,30 JPY,5,https://www.hareruyamtg.com/en/products/detail/16184?lang=EN
Act of Aggression,20 JPY,12,https://www.hareruyamtg.com/en/products/detail/44523?lang=JP
